jobid,submit,validate,depend,priority,alloc,start,finish,release,free,clean
ƒ6n8een3,1741618120.1265965,1741618120.1370358,1741618120.1473873,1741618120.1474059,1741618120.1484096,1741618120.3391812,1741618120.3401906,1741618120.3402169,1741618120.3402462,1741618120.3402596
ƒ6nfnPhH,1741618120.1480055,1741618120.1583893,1741618120.168736,1741618120.1687608,1741618120.3410225,1741618120.3412385,1741618120.3413215,1741618120.3413427,1741618120.3413644,1741618120.3413723
ƒ6oEQ7ts,1741618120.1691976,1741618120.1795673,1741618120.189922,1741618120.189941,1741618120.3421004,1741618120.3423033,1741618120.3423789,1741618120.3423998,1741618120.3424199,1741618120.3424275
ƒ6omXrp7,1741618120.1903658,1741618120.2007449,1741618120.2111075,1741618120.2111282,1741618120.3431509,1741618120.3433409,1741618120.3434305,1741618120.3434508,1741618120.3434708,1741618120.3434782
ƒ6pJfbjM,1741618120.211556,1741618120.2219455,1741618120.2323275,1741618120.23235,1741618120.344189,1741618120.3443696,1741618120.3444438,1741618120.3444695,1741618120.3444877,1741618120.3444958
ƒ6pqoLeb,1741618120.23276,1741618120.2431679,1741618120.253546,1741618120.2535617,1741618120.345196,1741618120.3453815,1741618120.3454604,1741618120.34548,1741618120.3454988,1741618120.345507
ƒ6qNw5Zq,1741618120.2539637,1741618120.264379,1741618120.2747388,1741618120.2747624,1741618120.3461864,1741618120.3464057,1741618120.3465085,1741618120.346534,1741618120.3465526,1741618120.34656
ƒ6qwYomR,1741618120.2751763,1741618120.2855918,1741618120.2959733,1741618120.2959952,1741618120.3472676,1741618120.3474703,1741618120.3475678,1741618120.347593,1741618120.3476067,1741618120.3476193
ƒ6rUgYgf,1741618120.2964015,1741618120.3068,1741618120.3171785,1741618120.3172026,1741618120.3482783,1741618120.3484848,1741618120.348578,1741618120.3485997,1741618120.3486128,1741618120.34862
ƒ6s1pHbu,1741618120.3176048,1741618120.328023,1741618120.338414,1741618120.3384304,1741618120.3509536,1741618120.3511705,1741618120.3512633,1741618120.3512807,1741618120.351293,1741618120.351301
