jobid,SUBMIT,START,FINISH
5872025600,1546300800,1546300800,1546301160.0
6123683840,1546300800,1546300800,1546301160.0
6358564864,1546300800,1546300800,1546301160.0
6593445888,1546300800,1546301160.0,1546301520.0
6828326912,1546300800,1546301160.0,1546301520.0
7063207936,1546300800,1546301160.0,1546301520.0
7281311744,1546300800,1546301520.0,1546301880.0
7516192768,1546300800,1546301520.0,1546301880.0
7751073792,1546300800,1546301520.0,1546301880.0
7985954816,1546300800,1546301880.0,1546302240.0
